Seat Name En,Seat Name Mm,Party Name Pretty En,Uec Id (Parties.Csv),% of Total Valid Total Votes
Ayeyarwady Constituency 1,ဧရာဝတီတိုင်းဒေသကြီး မဲဆန္ဒနယ် ၁,Union Solidarity and Development Party,5f3f9035c749de0ddc9de04c,55.422517129%
Ayeyarwady Constituency 1,ဧရာဝတီတိုင်းဒေသကြီး မဲဆန္ဒနယ် ၁,National Unity Party,5f3f9035c749de0ddc9de02e,24.376213450%
Ayeyarwady Constituency 1,ဧရာဝတီတိုင်းဒေသကြီး မဲဆန္ဒနယ် ၁,National Democratic Force,5f3f9035c749de0ddc9de052,20.201269421%
Ayeyarwady Constituency 2,ဧရာဝတီတိုင်းဒေသကြီး မဲဆန္ဒနယ် ၂,Union Solidarity and Development Party,5f3f9035c749de0ddc9de04c,51.883006121%
Ayeyarwady Constituency 2,ဧရာဝတီတိုင်းဒေသကြီး မဲဆန္ဒနယ် ၂,National Unity Party,5f3f9035c749de0ddc9de02e,35.035034617%
Ayeyarwady Constituency 2,ဧရာဝတီတိုင်းဒေသကြီး မဲဆန္ဒနယ် ၂,Kayin People's Party,5f3f9035c749de0ddc9de035,13.081959263%
Ayeyarwady Constituency 3,ဧရာဝတီတိုင်းဒေသကြီး မဲဆန္ဒနယ် ၃,Union Solidarity and Development Party,5f3f9035c749de0ddc9de04c,61.751672126%
Ayeyarwady Constituency 3,ဧရာဝတီတိုင်းဒေသကြီး မဲဆန္ဒနယ် ၃,National Unity Party,5f3f9035c749de0ddc9de02e,38.248327874%
Ayeyarwady Constituency 4,ဧရာဝတီတိုင်းဒေသကြီး မဲဆန္ဒနယ် ၄,Union Solidarity and Development Party,5f3f9035c749de0ddc9de04c,78.719578974%
Ayeyarwady Constituency 4,ဧရာဝတီတိုင်းဒေသကြီး မဲဆန္ဒနယ် ၄,National Unity Party,5f3f9035c749de0ddc9de02e,21.280421026%
Ayeyarwady Constituency 5,ဧရာဝတီတိုင်းဒေသကြီး မဲဆန္ဒနယ် ၅,Union Solidarity and Development Party,5f3f9035c749de0ddc9de04c,81.916040546%
Ayeyarwady Constituency 5,ဧရာဝတီတိုင်းဒေသကြီး မဲဆန္ဒနယ် ၅,National Unity Party,5f3f9035c749de0ddc9de02e,18.083959454%
Ayeyarwady Constituency 6,ဧရာဝတီတိုင်းဒေသကြီး မဲဆန္ဒနယ် ၆,Union Solidarity and Development Party,5f3f9035c749de0ddc9de04c,67.318524749%
Ayeyarwady Constituency 6,ဧရာဝတီတိုင်းဒေသကြီး မဲဆန္ဒနယ် ၆,National Unity Party,5f3f9035c749de0ddc9de02e,32.681475251%
Ayeyarwady Constituency 7,ဧရာဝတီတိုင်းဒေသကြီး မဲဆန္ဒနယ် ၇,Union Solidarity and Development Party,5f3f9035c749de0ddc9de04c,54.329229612%
Ayeyarwady Constituency 7,ဧရာဝတီတိုင်းဒေသကြီး မဲဆန္ဒနယ် ၇,National Unity Party,5f3f9035c749de0ddc9de02e,34.436385905%
Ayeyarwady Constituency 7,ဧရာဝတီတိုင်းဒေသကြီး မဲဆန္ဒနယ် ၇,National Democratic Force,5f3f9035c749de0ddc9de052,11.234384483%
Ayeyarwady Constituency 8,ဧရာဝတီတိုင်းဒေသကြီး မဲဆန္ဒနယ် ၈,Union Solidarity and Development Party,5f3f9035c749de0ddc9de04c,67.695395568%
Ayeyarwady Constituency 8,ဧရာဝတီတိုင်းဒေသကြီး မဲဆန္ဒနယ် ၈,National Unity Party,5f3f9035c749de0ddc9de02e,25.175671094%
Ayeyarwady Constituency 8,ဧရာဝတီတိုင်းဒေသကြီး မဲဆန္ဒနယ် ၈,Modern People Party,5f3f9035c749de0ddc9de043,7.128933337%
Ayeyarwady Constituency 9,ဧရာဝတီတိုင်းဒေသကြီး မဲဆန္ဒနယ် ၉,Union Solidarity and Development Party,5f3f9035c749de0ddc9de04c,55.790236942%
Ayeyarwady Constituency 9,ဧရာဝတီတိုင်းဒေသကြီး မဲဆန္ဒနယ် ၉,National Unity Party,5f3f9035c749de0ddc9de02e,44.209763058%
Ayeyarwady Constituency 10,ဧရာဝတီတိုင်းဒေသကြီး မဲဆန္ဒနယ် ၁၀,Union Solidarity and Development Party,5f3f9035c749de0ddc9de04c,71.147655767%
Ayeyarwady Constituency 10,ဧရာဝတီတိုင်းဒေသကြီး မဲဆန္ဒနယ် ၁၀,National Unity Party,5f3f9035c749de0ddc9de02e,20.835758193%
Ayeyarwady Constituency 10,ဧရာဝတီတိုင်းဒေသကြီး မဲဆန္ဒနယ် ၁၀,Modern People Party,5f3f9035c749de0ddc9de043,8.016586040%
Ayeyarwady Constituency 11,ဧရာဝတီတိုင်းဒေသကြီး မဲဆန္ဒနယ် ၁၁,Union Solidarity and Development Party,5f3f9035c749de0ddc9de04c,58.749265879%
Ayeyarwady Constituency 11,ဧရာဝတီတိုင်းဒေသကြီး မဲဆန္ဒနယ် ၁၁,Peace for Diversity Party,5f3f9035c749de0ddc9de045,5.155300459%
Ayeyarwady Constituency 11,ဧရာဝတီတိုင်းဒေသကြီး မဲဆန္ဒနယ် ၁၁,National Unity Party,5f3f9035c749de0ddc9de02e,25.142554866%
Ayeyarwady Constituency 11,ဧရာဝတီတိုင်းဒေသကြီး မဲဆန္ဒနယ် ၁၁,National Political Alliance League,5f3f9035c749de0ddc9de03f,5.998758763%
Ayeyarwady Constituency 11,ဧရာဝတီတိုင်းဒေသကြီး မဲဆန္ဒနယ် ၁၁,Modern People Party,5f3f9035c749de0ddc9de043,4.954120033%
Ayeyarwady Constituency 12,ဧရာဝတီတိုင်းဒေသကြီး မဲဆန္ဒနယ် ၁၂,Union Solidarity and Development Party,5f3f9035c749de0ddc9de04c,48.071309709%
Ayeyarwady Constituency 12,ဧရာဝတီတိုင်းဒေသကြီး မဲဆန္ဒနယ် ၁၂,National Unity Party,5f3f9035c749de0ddc9de02e,31.725454893%
Ayeyarwady Constituency 12,ဧရာဝတီတိုင်းဒေသကြီး မဲဆန္ဒနယ် ၁၂,,,20.203235398%
Bago Constituency 1,ပဲခူးတိုင်းဒေသကြီး မဲဆန္ဒနယ် ၁,Union Solidarity and Development Party,5f3f9035c749de0ddc9de04c,57.042753352%
Bago Constituency 1,ပဲခူးတိုင်းဒေသကြီး မဲဆန္ဒနယ် ၁,Union Democratic Party,5f3f9035c749de0ddc9de044,17.093597966%
Bago Constituency 1,ပဲခူးတိုင်းဒေသကြီး မဲဆန္ဒနယ် ၁,National Unity Party,5f3f9035c749de0ddc9de02e,25.863648682%
Bago Constituency 2,ပဲခူးတိုင်းဒေသကြီး မဲဆန္ဒနယ် ၂,Union Solidarity and Development Party,5f3f9035c749de0ddc9de04c,64.396080160%
Bago Constituency 2,ပဲခူးတိုင်းဒေသကြီး မဲဆန္ဒနယ် ၂,National Unity Party,5f3f9035c749de0ddc9de02e,35.603919840%
Bago Constituency 3,ပဲခူးတိုင်းဒေသကြီး မဲဆန္ဒနယ် ၃,Union Solidarity and Development Party,5f3f9035c749de0ddc9de04c,61.293253130%
Bago Constituency 3,ပဲခူးတိုင်းဒေသကြီး မဲဆန္ဒနယ် ၃,National Unity Party,5f3f9035c749de0ddc9de02e,38.706746870%
Bago Constituency 4,ပဲခူးတိုင်းဒေသကြီး မဲဆန္ဒနယ် ၄,Union Solidarity and Development Party,5f3f9035c749de0ddc9de04c,56.813341668%
Bago Constituency 4,ပဲခူးတိုင်းဒေသကြီး မဲဆန္ဒနယ် ၄,National Unity Party,5f3f9035c749de0ddc9de02e,43.186658332%
Bago Constituency 5,ပဲခူးတိုင်းဒေသကြီး မဲဆန္ဒနယ် ၅,Union Solidarity and Development Party,5f3f9035c749de0ddc9de04c,61.901930356%
Bago Constituency 5,ပဲခူးတိုင်းဒေသကြီး မဲဆန္ဒနယ် ၅,National Unity Party,5f3f9035c749de0ddc9de02e,25.635112858%
Bago Constituency 5,ပဲခူးတိုင်းဒေသကြီး မဲဆန္ဒနယ် ၅,National Democratic Force,5f3f9035c749de0ddc9de052,8.426757166%
Bago Constituency 5,ပဲခူးတိုင်းဒေသကြီး မဲဆန္ဒနယ် ၅,Kayin People's Party,5f3f9035c749de0ddc9de035,4.036199620%
Bago Constituency 6,ပဲခူးတိုင်းဒေသကြီး မဲဆန္ဒနယ် ၆,Union Solidarity and Development Party,5f3f9035c749de0ddc9de04c,58.315627629%
Bago Constituency 6,ပဲခူးတိုင်းဒေသကြီး မဲဆန္ဒနယ် ၆,National Unity Party,5f3f9035c749de0ddc9de02e,41.684372371%
Bago Constituency 7,ပဲခူးတိုင်းဒေသကြီး မဲဆန္ဒနယ် ၇,Union Solidarity and Development Party,5f3f9035c749de0ddc9de04c,66.502034655%
Bago Constituency 7,ပဲခူးတိုင်းဒေသကြီး မဲဆန္ဒနယ် ၇,National Unity Party,5f3f9035c749de0ddc9de02e,33.497965345%
Bago Constituency 8,ပဲခူးတိုင်းဒေသကြီး မဲဆန္ဒနယ် ၈,Union Solidarity and Development Party,5f3f9035c749de0ddc9de04c,54.903161108%
Bago Constituency 8,ပဲခူးတိုင်းဒေသကြီး မဲဆန္ဒနယ် ၈,The Union of Myanmar Federation of National Politics,5f3f9035c749de0ddc9de03e,19.925573603%
Bago Constituency 8,ပဲခူးတိုင်းဒေသကြီး မဲဆန္ဒနယ် ၈,National Unity Party,5f3f9035c749de0ddc9de02e,25.171265289%
Bago Constituency 9,ပဲခူးတိုင်းဒေသကြီး မဲဆန္ဒနယ် ၉,Union Solidarity and Development Party,5f3f9035c749de0ddc9de04c,54.223267069%
Bago Constituency 9,ပဲခူးတိုင်းဒေသကြီး မဲဆန္ဒနယ် ၉,The Union of Myanmar Federation of National Politics,5f3f9035c749de0ddc9de03e,23.798727167%
Bago Constituency 9,ပဲခူးတိုင်းဒေသကြီး မဲဆန္ဒနယ် ၉,National Unity Party,5f3f9035c749de0ddc9de02e,21.978005764%
Bago Constituency 10,ပဲခူးတိုင်းဒေသကြီး မဲဆန္ဒနယ် ၁၀,Union Solidarity and Development Party,5f3f9035c749de0ddc9de04c,58.957859939%
Bago Constituency 10,ပဲခူးတိုင်းဒေသကြီး မဲဆန္ဒနယ် ၁၀,National Unity Party,5f3f9035c749de0ddc9de02e,41.042140061%
Bago Constituency 11,ပဲခူးတိုင်းဒေသကြီး မဲဆန္ဒနယ် ၁၁,Union Solidarity and Development Party,5f3f9035c749de0ddc9de04c,51.573826996%
Bago Constituency 11,ပဲခူးတိုင်းဒေသကြီး မဲဆန္ဒနယ် ၁၁,National Unity Party,5f3f9035c749de0ddc9de02e,28.326106293%
Bago Constituency 11,ပဲခူးတိုင်းဒေသကြီး မဲဆန္ဒနယ် ၁၁,National Democratic Force,5f3f9035c749de0ddc9de052,20.100066711%
Bago Constituency 12,ပဲခူးတိုင်းဒေသကြီး မဲဆန္ဒနယ် ၁၂,Union Solidarity and Development Party,5f3f9035c749de0ddc9de04c,53.076148213%
Bago Constituency 12,ပဲခူးတိုင်းဒေသကြီး မဲဆန္ဒနယ် ၁၂,National Unity Party,5f3f9035c749de0ddc9de02e,24.831341374%
Bago Constituency 12,ပဲခူးတိုင်းဒေသကြီး မဲဆန္ဒနယ် ၁၂,Democratic Party (Myanmar),5f3f9035c749de0ddc9de032,22.092510414%
Chin Constituency 1,ချင်းပြည်နယ် မဲဆန္ဒနယ် ၁,Union Solidarity and Development Party,5f3f9035c749de0ddc9de04c,35.570345720%
Chin Constituency 1,ချင်းပြည်နယ် မဲဆန္ဒနယ် ၁,National Unity Party,5f3f9035c749de0ddc9de02e,8.467369199%
Chin Constituency 1,ချင်းပြည်နယ် မဲဆန္ဒနယ် ၁,Chin Progressive Party,5f3f9035c749de0ddc9de046,44.231835829%
Chin Constituency 1,ချင်းပြည်နယ် မဲဆန္ဒနယ် ၁,Chin National Party,5f3f9035c749de0ddc9de041,11.730449251%
Chin Constituency 2,ချင်းပြည်နယ် မဲဆန္ဒနယ် ၂,Union Solidarity and Development Party,5f3f9035c749de0ddc9de04c,40.362044957%
Chin Constituency 2,ချင်းပြည်နယ် မဲဆန္ဒနယ် ၂,National Unity Party,5f3f9035c749de0ddc9de02e,7.618858166%
Chin Constituency 2,ချင်းပြည်နယ် မဲဆန္ဒနယ် ၂,Chin Progressive Party,5f3f9035c749de0ddc9de046,52.019096877%
Chin Constituency 3,ချင်းပြည်နယ် မဲဆန္ဒနယ် ၃,United Democratic Party,5f3f9035c749de0ddc9de03c,6.182018450%
Chin Constituency 3,ချင်းပြည်နယ် မဲဆန္ဒနယ် ၃,Union Solidarity and Development Party,5f3f9035c749de0ddc9de04c,37.046215981%
Chin Constituency 3,ချင်းပြည်နယ် မဲဆန္ဒနယ် ၃,Chin National Party,5f3f9035c749de0ddc9de041,56.771765570%
Chin Constituency 4,ချင်းပြည်နယ် မဲဆန္ဒနယ် ၄,Union Solidarity and Development Party,5f3f9035c749de0ddc9de04c,27.488768030%
Chin Constituency 4,ချင်းပြည်နယ် မဲဆန္ဒနယ် ၄,National Unity Party,5f3f9035c749de0ddc9de02e,10.824071885%
Chin Constituency 4,ချင်းပြည်နယ် မဲဆန္ဒနယ် ၄,Chin National Party,5f3f9035c749de0ddc9de041,61.687160085%
Chin Constituency 5,ချင်းပြည်နယ် မဲဆန္ဒနယ် ၅,Union Solidarity and Development Party,5f3f9035c749de0ddc9de04c,37.173561359%
Chin Constituency 5,ချင်းပြည်နယ် မဲဆန္ဒနယ် ၅,National Unity Party,5f3f9035c749de0ddc9de02e,29.737693552%
Chin Constituency 5,ချင်းပြည်နယ် မဲဆန္ဒနယ် ၅,Chin Progressive Party,5f3f9035c749de0ddc9de046,7.170094754%
Chin Constituency 5,ချင်းပြည်နယ် မဲဆန္ဒနယ် ၅,Chin National Party,5f3f9035c749de0ddc9de041,25.918650335%
Chin Constituency 6,ချင်းပြည်နယ် မဲဆန္ဒနယ် ၆,Union Solidarity and Development Party,5f3f9035c749de0ddc9de04c,35.506951312%
Chin Constituency 6,ချင်းပြည်နယ် မဲဆန္ဒနယ် ၆,National Unity Party,5f3f9035c749de0ddc9de02e,21.406549939%
Chin Constituency 6,ချင်းပြည်နယ် မဲဆန္ဒနယ် ၆,Chin Progressive Party,5f3f9035c749de0ddc9de046,10.243732185%
Chin Constituency 6,ချင်းပြည်နယ် မဲဆန္ဒနယ် ၆,Chin National Party,5f3f9035c749de0ddc9de041,32.842766564%
Chin Constituency 7,ချင်းပြည်နယ် မဲဆန္ဒနယ် ၇,Union Solidarity and Development Party,5f3f9035c749de0ddc9de04c,45.857307250%
Chin Constituency 7,ချင်းပြည်နယ် မဲဆန္ဒနယ် ၇,National Unity Party,5f3f9035c749de0ddc9de02e,15.543317442%
Chin Constituency 7,ချင်းပြည်နယ် မဲဆန္ဒနယ် ၇,Chin Progressive Party,5f3f9035c749de0ddc9de046,38.599375308%
Chin Constituency 8,ချင်းပြည်နယ် မဲဆန္ဒနယ် ၈,Union Solidarity and Development Party,5f3f9035c749de0ddc9de04c,41.638431752%
Chin Constituency 8,ချင်းပြည်နယ် မဲဆန္ဒနယ် ၈,The Union of Myanmar Federation of National Politics,5f3f9035c749de0ddc9de03e,7.133349468%
Chin Constituency 8,ချင်းပြည်နယ် မဲဆန္ဒနယ် ၈,National Unity Party,5f3f9035c749de0ddc9de02e,24.007744434%
Chin Constituency 8,ချင်းပြည်နယ် မဲဆန္ဒနယ် ၈,Chin Progressive Party,5f3f9035c749de0ddc9de046,14.472410455%
Chin Constituency 8,ချင်းပြည်နယ် မဲဆန္ဒနယ် ၈,Chin National Party,5f3f9035c749de0ddc9de041,12.748063892%
Chin Constituency 9,ချင်းပြည်နယ် မဲဆန္ဒနယ် ၉,Union Solidarity and Development Party,5f3f9035c749de0ddc9de04c,23.243792525%
Chin Constituency 9,ချင်းပြည်နယ် မဲဆန္ဒနယ် ၉,National Democratic Force,5f3f9035c749de0ddc9de052,22.015551825%
Chin Constituency 9,ချင်းပြည်နယ် မဲဆန္ဒနယ် ၉,Ethnic National Development Party,5f3f9035c749de0ddc9de04d,26.530882743%
Chin Constituency 9,ချင်းပြည်နယ် မဲဆန္ဒနယ် ၉,Chin Progressive Party,5f3f9035c749de0ddc9de046,28.209772908%
Chin Constituency 10,ချင်းပြည်နယ် မဲဆန္ဒနယ် ၁၀,Union Solidarity and Development Party,5f3f9035c749de0ddc9de04c,35.963279990%
Chin Constituency 10,ချင်းပြည်နယ် မဲဆန္ဒနယ် ၁၀,National Unity Party,5f3f9035c749de0ddc9de02e,16.251085473%
Chin Constituency 10,ချင်းပြည်နယ် မဲဆန္ဒနယ် ၁၀,Chin Progressive Party,5f3f9035c749de0ddc9de046,33.680684779%
Chin Constituency 10,ချင်းပြည်နယ် မဲဆန္ဒနယ် ၁၀,Chin National Party,5f3f9035c749de0ddc9de041,14.104949758%
Chin Constituency 11,ချင်းပြည်နယ် မဲဆန္ဒနယ် ၁၁,United Democratic Party,5f3f9035c749de0ddc9de03c,23.530698158%
Chin Constituency 11,ချင်းပြည်နယ် မဲဆန္ဒနယ် ၁၁,Union Solidarity and Development Party,5f3f9035c749de0ddc9de04c,18.965611503%
Chin Constituency 11,ချင်းပြည်နယ် မဲဆန္ဒနယ် ၁၁,National Democratic Force,5f3f9035c749de0ddc9de052,11.541195123%
Chin Constituency 11,ချင်းပြည်နယ် မဲဆန္ဒနယ် ၁၁,Chin Progressive Party,5f3f9035c749de0ddc9de046,45.962495216%
Chin Constituency 12,ချင်းပြည်နယ် မဲဆန္ဒနယ် ၁၂,United Democratic Party,5f3f9035c749de0ddc9de03c,7.896713073%
Chin Constituency 12,ချင်းပြည်နယ် မဲဆန္ဒနယ် ၁၂,Union Solidarity and Development Party,5f3f9035c749de0ddc9de04c,35.093293282%
Chin Constituency 12,ချင်းပြည်နယ် မဲဆန္ဒနယ် ၁၂,National Unity Party,5f3f9035c749de0ddc9de02e,9.040494483%
Chin Constituency 12,ချင်းပြည်နယ် မဲဆန္ဒနယ် ၁၂,National Democratic Force,5f3f9035c749de0ddc9de052,14.707411472%
Chin Constituency 12,ချင်းပြည်နယ် မဲဆန္ဒနယ် ၁၂,Chin Progressive Party,5f3f9035c749de0ddc9de046,33.262087690%
Kachin Constituency 1,ကချင်ပြည်နယ် မဲဆန္ဒနယ် ၁,Unity and Democracy Party of Kachin State,5f3f9035c749de0ddc9de054,64.759397288%
Kachin Constituency 1,ကချင်ပြည်နယ် မဲဆန္ဒနယ် ၁,Shan Nationalities Democratic Party,5f3f9035c749de0ddc9de03b,35.240602712%
Kachin Constituency 2,ကချင်ပြည်နယ် မဲဆန္ဒနယ် ၂,Union Solidarity and Development Party,5f3f9035c749de0ddc9de04c,29.006645886%
Kachin Constituency 2,ကချင်ပြည်နယ် မဲဆန္ဒနယ် ၂,Shan Nationalities Democratic Party,5f3f9035c749de0ddc9de03b,28.959595366%
Kachin Constituency 2,ကချင်ပြည်နယ် မဲဆန္ဒနယ် ၂,National Unity Party,5f3f9035c749de0ddc9de02e,42.033758748%
Kachin Constituency 3,ကချင်ပြည်နယ် မဲဆန္ဒနယ် ၃,Unity and Democracy Party of Kachin State,5f3f9035c749de0ddc9de054,42.228644830%
Kachin Constituency 3,ကချင်ပြည်နယ် မဲဆန္ဒနယ် ၃,National Unity Party,5f3f9035c749de0ddc9de02e,57.771355170%
Kachin Constituency 4,ကချင်ပြည်နယ် မဲဆန္ဒနယ် ၄,National Unity Party,5f3f9035c749de0ddc9de02e,36.790909091%
Kachin Constituency 4,ကချင်ပြည်နယ် မဲဆန္ဒနယ် ၄,,,63.209090909%
Kachin Constituency 5,ကချင်ပြည်နယ် မဲဆန္ဒနယ် ၅,Union Solidarity and Development Party,5f3f9035c749de0ddc9de04c,48.797561932%
Kachin Constituency 5,ကချင်ပြည်နယ် မဲဆန္ဒနယ် ၅,Shan Nationalities Democratic Party,5f3f9035c749de0ddc9de03b,25.798859419%
Kachin Constituency 5,ကချင်ပြည်နယ် မဲဆန္ဒနယ် ၅,National Unity Party,5f3f9035c749de0ddc9de02e,25.403578649%
Kachin Constituency 6,ကချင်ပြည်နယ် မဲဆန္ဒနယ် ၆,Union Solidarity and Development Party,5f3f9035c749de0ddc9de04c,49.184897099%
Kachin Constituency 6,ကချင်ပြည်နယ် မဲဆန္ဒနယ် ၆,Shan Nationalities Democratic Party,5f3f9035c749de0ddc9de03b,29.953005996%
Kachin Constituency 6,ကချင်ပြည်နယ် မဲဆန္ဒနယ် ၆,National Unity Party,5f3f9035c749de0ddc9de02e,20.862096905%
Kachin Constituency 7,ကချင်ပြည်နယ် မဲဆန္ဒနယ် ၇,Union Solidarity and Development Party,5f3f9035c749de0ddc9de04c,70.729738819%
Kachin Constituency 7,ကချင်ပြည်နယ် မဲဆန္ဒနယ် ၇,Shan Nationalities Democratic Party,5f3f9035c749de0ddc9de03b,29.270261181%
Kachin Constituency 8,ကချင်ပြည်နယ် မဲဆန္ဒနယ် ၈,Union Solidarity and Development Party,5f3f9035c749de0ddc9de04c,70.970785838%
Kachin Constituency 8,ကချင်ပြည်နယ် မဲဆန္ဒနယ် ၈,Shan Nationalities Democratic Party,5f3f9035c749de0ddc9de03b,29.029214162%
Kachin Constituency 9,ကချင်ပြည်နယ် မဲဆန္ဒနယ် ၉,Union Solidarity and Development Party,5f3f9035c749de0ddc9de04c,52.526017029%
Kachin Constituency 9,ကချင်ပြည်နယ် မဲဆန္ဒနယ် ၉,Shan Nationalities Democratic Party,5f3f9035c749de0ddc9de03b,15.977294229%
Kachin Constituency 9,ကချင်ပြည်နယ် မဲဆန္ဒနယ် ၉,National Unity Party,5f3f9035c749de0ddc9de02e,31.496688742%
Kachin Constituency 10,ကချင်ပြည်နယ် မဲဆန္ဒနယ် ၁၀,Unity and Democracy Party of Kachin State,5f3f9035c749de0ddc9de054,46.019609925%
Kachin Constituency 10,ကချင်ပြည်နယ် မဲဆန္ဒနယ် ၁၀,Shan Nationalities Democratic Party,5f3f9035c749de0ddc9de03b,53.980390075%
Kachin Constituency 11,ကချင်ပြည်နယ် မဲဆန္ဒနယ် ၁၁,Union Solidarity and Development Party,5f3f9035c749de0ddc9de04c,50.439156363%
Kachin Constituency 11,ကချင်ပြည်နယ် မဲဆန္ဒနယ် ၁၁,National Unity Party,5f3f9035c749de0ddc9de02e,49.560843637%
Kachin Constituency 12,ကချင်ပြည်နယ် မဲဆန္ဒနယ် ၁၂,Union Solidarity and Development Party,5f3f9035c749de0ddc9de04c,43.781907747%
Kachin Constituency 12,ကချင်ပြည်နယ် မဲဆန္ဒနယ် ၁၂,National Unity Party,5f3f9035c749de0ddc9de02e,56.218092253%
Kayah Constituency 1,ကယားပြည်နယ် မဲဆန္ဒနယ် ၁,Union Solidarity and Development Party,5f3f9035c749de0ddc9de04c,79.500068390%
Kayah Constituency 1,ကယားပြည်နယ် မဲဆန္ဒနယ် ၁,National Unity Party,5f3f9035c749de0ddc9de02e,20.499931610%
Kayah Constituency 2,ကယားပြည်နယ် မဲဆန္ဒနယ် ၂,Union Solidarity and Development Party,5f3f9035c749de0ddc9de04c,69.314895456%
Kayah Constituency 2,ကယားပြည်နယ် မဲဆန္ဒနယ် ၂,National Unity Party,5f3f9035c749de0ddc9de02e,30.685104544%
Kayah Constituency 3,ကယားပြည်နယ် မဲဆန္ဒနယ် ၃,Union Solidarity and Development Party,5f3f9035c749de0ddc9de04c,79.306358382%
Kayah Constituency 3,ကယားပြည်နယ် မဲဆန္ဒနယ် ၃,National Unity Party,5f3f9035c749de0ddc9de02e,9.432165930%
Kayah Constituency 3,ကယားပြည်နယ် မဲဆန္ဒနယ် ၃,Kayan National Party,5f3f9035c749de0ddc9de033,11.261475689%
Kayah Constituency 4,ကယားပြည်နယ် မဲဆန္ဒနယ် ၄,Union Solidarity and Development Party,5f3f9035c749de0ddc9de04c,78.528775867%
Kayah Constituency 4,ကယားပြည်နယ် မဲဆန္ဒနယ် ၄,National Unity Party,5f3f9035c749de0ddc9de02e,5.925048904%
Kayah Constituency 4,ကယားပြည်နယ် မဲဆန္ဒနယ် ၄,Kayan National Party,5f3f9035c749de0ddc9de033,15.546175229%
Kayah Constituency 5,ကယားပြည်နယ် မဲဆန္ဒနယ် ၅,Union Solidarity and Development Party,5f3f9035c749de0ddc9de04c,67.186562687%
Kayah Constituency 5,ကယားပြည်နယ် မဲဆန္ဒနယ် ၅,National Unity Party,5f3f9035c749de0ddc9de02e,32.813437313%
Kayah Constituency 6,ကယားပြည်နယ် မဲဆန္ဒနယ် ၆,Union Solidarity and Development Party,5f3f9035c749de0ddc9de04c,82.236842105%
Kayah Constituency 6,ကယားပြည်နယ် မဲဆန္ဒနယ် ၆,National Unity Party,5f3f9035c749de0ddc9de02e,17.763157895%
Kayah Constituency 7,ကယားပြည်နယ် မဲဆန္ဒနယ် ၇,Union Solidarity and Development Party,5f3f9035c749de0ddc9de04c,95.070422535%
Kayah Constituency 7,ကယားပြည်နယ် မဲဆန္ဒနယ် ၇,National Unity Party,5f3f9035c749de0ddc9de02e,4.929577465%
Kayah Constituency 8,ကယားပြည်နယ် မဲဆန္ဒနယ် ၈,Union Solidarity and Development Party,5f3f9035c749de0ddc9de04c,86.309894213%
Kayah Constituency 8,ကယားပြည်နယ် မဲဆန္ဒနယ် ၈,National Unity Party,5f3f9035c749de0ddc9de02e,13.690105787%
Kayah Constituency 9,ကယားပြည်နယ် မဲဆန္ဒနယ် ၉,Union Solidarity and Development Party,5f3f9035c749de0ddc9de04c,91.641850308%
Kayah Constituency 9,ကယားပြည်နယ် မဲဆန္ဒနယ် ၉,National Unity Party,5f3f9035c749de0ddc9de02e,8.358149692%
Kayah Constituency 10,ကယားပြည်နယ် မဲဆန္ဒနယ် ၁၀,Union Solidarity and Development Party,5f3f9035c749de0ddc9de04c,94.238336144%
Kayah Constituency 10,ကယားပြည်နယ် မဲဆန္ဒနယ် ၁၀,National Unity Party,5f3f9035c749de0ddc9de02e,5.761663856%
Kayah Constituency 11,ကယားပြည်နယ် မဲဆန္ဒနယ် ၁၁,Union Solidarity and Development Party,5f3f9035c749de0ddc9de04c,97.310434219%
Kayah Constituency 11,ကယားပြည်နယ် မဲဆန္ဒနယ် ၁၁,National Unity Party,5f3f9035c749de0ddc9de02e,2.689565781%
Kayah Constituency 12,ကယားပြည်နယ် မဲဆန္ဒနယ် ၁၂,Union Solidarity and Development Party,5f3f9035c749de0ddc9de04c,89.746300211%
Kayah Constituency 12,ကယားပြည်နယ် မဲဆန္ဒနယ် ၁၂,National Unity Party,5f3f9035c749de0ddc9de02e,10.253699789%
Kayin Constituency 1,ကရင်ပြည်နယ် မဲဆန္ဒနယ် ၁,Union Solidarity and Development Party,5f3f9035c749de0ddc9de04c,33.926378332%
Kayin Constituency 1,ကရင်ပြည်နယ် မဲဆန္ဒနယ် ၁,Phlone-Sqaw Democratic Party,5f3f9035c749de0ddc9de04a,42.631194609%
Kayin Constituency 1,ကရင်ပြည်နယ် မဲဆန္ဒနယ် ၁,National Unity Party,5f3f9035c749de0ddc9de02e,23.442427059%
Kayin Constituency 2,ကရင်ပြည်နယ် မဲဆန္ဒနယ် ၂,Union Solidarity and Development Party,5f3f9035c749de0ddc9de04c,40.453379404%
Kayin Constituency 2,ကရင်ပြည်နယ် မဲဆန္ဒနယ် ၂,Phlone-Sqaw Democratic Party,5f3f9035c749de0ddc9de04a,38.483150969%
Kayin Constituency 2,ကရင်ပြည်နယ် မဲဆန္ဒနယ် ၂,National Unity Party,5f3f9035c749de0ddc9de02e,21.063469626%
Kayin Constituency 3,ကရင်ပြည်နယ် မဲဆန္ဒနယ် ၃,Union Solidarity and Development Party,5f3f9035c749de0ddc9de04c,34.144057214%
Kayin Constituency 3,ကရင်ပြည်နယ် မဲဆန္ဒနယ် ၃,Phlone-Sqaw Democratic Party,5f3f9035c749de0ddc9de04a,47.408899989%
Kayin Constituency 3,ကရင်ပြည်နယ် မဲဆန္ဒနယ် ၃,National Unity Party,5f3f9035c749de0ddc9de02e,18.447042797%
Kayin Constituency 4,ကရင်ပြည်နယ် မဲဆန္ဒနယ် ၄,Phlone-Sqaw Democratic Party,5f3f9035c749de0ddc9de04a,62.188037366%
Kayin Constituency 4,ကရင်ပြည်နယ် မဲဆန္ဒနယ် ၄,National Unity Party,5f3f9035c749de0ddc9de02e,15.290235628%
Kayin Constituency 4,ကရင်ပြည်နယ် မဲဆန္ဒနယ် ၄,Kayin State Democracy and Development Party (KSDDP),5f3f9035c749de0ddc9de055,22.521727007%
Kayin Constituency 5,ကရင်ပြည်နယ် မဲဆန္ဒနယ် ၅,Union Solidarity and Development Party,5f3f9035c749de0ddc9de04c,78.026651545%
Kayin Constituency 5,ကရင်ပြည်နယ် မဲဆန္ဒနယ် ၅,National Unity Party,5f3f9035c749de0ddc9de02e,21.973348455%
Kayin Constituency 6,ကရင်ပြည်နယ် မဲဆန္ဒနယ် ၆,Union Solidarity and Development Party,5f3f9035c749de0ddc9de04c,52.176752286%
Kayin Constituency 6,ကရင်ပြည်နယ် မဲဆန္ဒနယ် ၆,National Unity Party,5f3f9035c749de0ddc9de02e,47.823247714%
Kayin Constituency 7,ကရင်ပြည်နယ် မဲဆန္ဒနယ် ၇,Union Solidarity and Development Party,5f3f9035c749de0ddc9de04c,36.589115507%
Kayin Constituency 7,ကရင်ပြည်နယ် မဲဆန္ဒနယ် ၇,Kayin People's Party,5f3f9035c749de0ddc9de035,63.410884493%
Kayin Constituency 8,ကရင်ပြည်နယ် မဲဆန္ဒနယ် ၈,Union Solidarity and Development Party,5f3f9035c749de0ddc9de04c,
Kayin Constituency 9,ကရင်ပြည်နယ် မဲဆန္ဒနယ် ၉,Union Solidarity and Development Party,5f3f9035c749de0ddc9de04c,54.243034220%
Kayin Constituency 9,ကရင်ပြည်နယ် မဲဆန္ဒနယ် ၉,National Unity Party,5f3f9035c749de0ddc9de02e,45.756965780%
Kayin Constituency 10,ကရင်ပြည်နယ် မဲဆန္ဒနယ် ၁၀,Union Solidarity and Development Party,5f3f9035c749de0ddc9de04c,31.040735431%
Kayin Constituency 10,ကရင်ပြည်နယ် မဲဆန္ဒနယ် ၁၀,National Unity Party,5f3f9035c749de0ddc9de02e,22.940035422%
Kayin Constituency 10,ကရင်ပြည်နယ် မဲဆန္ဒနယ် ၁၀,All Mon Region Democracy Party,5f3f9035c749de0ddc9de039,46.019229147%
Kayin Constituency 11,ကရင်ပြည်နယ် မဲဆန္ဒနယ် ၁၁,Union Solidarity and Development Party,5f3f9035c749de0ddc9de04c,
Kayin Constituency 12,ကရင်ပြည်နယ် မဲဆန္ဒနယ် ၁၂,Kayin State Democracy and Development Party (KSDDP),5f3f9035c749de0ddc9de055,
Magway Constituency 1,မကွေးတိုင်းဒေသကြီး မဲဆန္ဒနယ် ၁,Union Solidarity and Development Party,5f3f9035c749de0ddc9de04c,73.111500810%
Magway Constituency 1,မကွေးတိုင်းဒေသကြီး မဲဆန္ဒနယ် ၁,The Union of Myanmar Federation of National Politics,5f3f9035c749de0ddc9de03e,6.635737382%
Magway Constituency 1,မကွေးတိုင်းဒေသကြီး မဲဆန္ဒနယ် ၁,National Unity Party,5f3f9035c749de0ddc9de02e,8.437479189%
Magway Constituency 1,မကွေးတိုင်းဒေသကြီး မဲဆန္ဒနယ် ၁,National Democratic Force,5f3f9035c749de0ddc9de052,11.815282618%
Magway Constituency 2,မကွေးတိုင်းဒေသကြီး မဲဆန္ဒနယ် ၂,Union Solidarity and Development Party,5f3f9035c749de0ddc9de04c,59.607852146%
Magway Constituency 2,မကွေးတိုင်းဒေသကြီး မဲဆန္ဒနယ် ၂,National Unity Party,5f3f9035c749de0ddc9de02e,17.744862679%
Magway Constituency 2,မကွေးတိုင်းဒေသကြီး မဲဆန္ဒနယ် ၂,National Democratic Force,5f3f9035c749de0ddc9de052,22.647285174%
Magway Constituency 3,မကွေးတိုင်းဒေသကြီး မဲဆန္ဒနယ် ၃,Union Solidarity and Development Party,5f3f9035c749de0ddc9de04c,60.558002618%
Magway Constituency 3,မကွေးတိုင်းဒေသကြီး မဲဆန္ဒနယ် ၃,National Unity Party,5f3f9035c749de0ddc9de02e,21.609702315%
Magway Constituency 3,မကွေးတိုင်းဒေသကြီး မဲဆန္ဒနယ် ၃,National Democratic Force,5f3f9035c749de0ddc9de052,17.832295067%
Magway Constituency 4,မကွေးတိုင်းဒေသကြီး မဲဆန္ဒနယ် ၄,Union Solidarity and Development Party,5f3f9035c749de0ddc9de04c,58.694571965%
Magway Constituency 4,မကွေးတိုင်းဒေသကြီး မဲဆန္ဒနယ် ၄,The Union of Myanmar Federation of National Politics,5f3f9035c749de0ddc9de03e,2.723288118%
Magway Constituency 4,မကွေးတိုင်းဒေသကြီး မဲဆန္ဒနယ် ၄,National Unity Party,5f3f9035c749de0ddc9de02e,20.317865274%
Magway Constituency 4,မကွေးတိုင်းဒေသကြီး မဲဆန္ဒနယ် ၄,National Political Alliance League,5f3f9035c749de0ddc9de03f,2.095863895%
Magway Constituency 4,မကွေးတိုင်းဒေသကြီး မဲဆန္ဒနယ် ၄,National Democratic Force,5f3f9035c749de0ddc9de052,16.168410748%
Magway Constituency 5,မကွေးတိုင်းဒေသကြီး မဲဆန္ဒနယ် ၅,Union Solidarity and Development Party,5f3f9035c749de0ddc9de04c,71.458801245%
Magway Constituency 5,မကွေးတိုင်းဒေသကြီး မဲဆန္ဒနယ် ၅,National Unity Party,5f3f9035c749de0ddc9de02e,28.541198755%
Magway Constituency 6,မကွေးတိုင်းဒေသကြီး မဲဆန္ဒနယ် ၆,Union Solidarity and Development Party,5f3f9035c749de0ddc9de04c,63.710993269%
Magway Constituency 6,မကွေးတိုင်းဒေသကြီး မဲဆန္ဒနယ် ၆,National Unity Party,5f3f9035c749de0ddc9de02e,36.289006731%
Magway Constituency 7,မကွေးတိုင်းဒေသကြီး မဲဆန္ဒနယ် ၇,Union Solidarity and Development Party,5f3f9035c749de0ddc9de04c,67.708211023%
Magway Constituency 7,မကွေးတိုင်းဒေသကြီး မဲဆန္ဒနယ် ၇,National Unity Party,5f3f9035c749de0ddc9de02e,32.291788977%
Magway Constituency 8,မကွေးတိုင်းဒေသကြီး မဲဆန္ဒနယ် ၈,Union Solidarity and Development Party,5f3f9035c749de0ddc9de04c,70.828271533%
Magway Constituency 8,မကွေးတိုင်းဒေသကြီး မဲဆန္ဒနယ် ၈,National Unity Party,5f3f9035c749de0ddc9de02e,29.171728467%
Magway Constituency 9,မကွေးတိုင်းဒေသကြီး မဲဆန္ဒနယ် ၉,Union Solidarity and Development Party,5f3f9035c749de0ddc9de04c,59.558505966%
Magway Constituency 9,မကွေးတိုင်းဒေသကြီး မဲဆန္ဒနယ် ၉,The Union of Myanmar Federation of National Politics,5f3f9035c749de0ddc9de03e,12.995880101%
Magway Constituency 9,မကွေးတိုင်းဒေသကြီး မဲဆန္ဒနယ် ၉,National Unity Party,5f3f9035c749de0ddc9de02e,27.445613933%
Magway Constituency 10,မကွေးတိုင်းဒေသကြီး မဲဆန္ဒနယ် ၁၀,Union Solidarity and Development Party,5f3f9035c749de0ddc9de04c,72.981892986%
Magway Constituency 10,မကွေးတိုင်းဒေသကြီး မဲဆန္ဒနယ် ၁၀,The Union of Myanmar Federation of National Politics,5f3f9035c749de0ddc9de03e,13.445758076%
Magway Constituency 10,မကွေးတိုင်းဒေသကြီး မဲဆန္ဒနယ် ၁၀,National Unity Party,5f3f9035c749de0ddc9de02e,13.572348939%
Magway Constituency 11,မကွေးတိုင်းဒေသကြီး မဲဆန္ဒနယ် ၁၁,Union Solidarity and Development Party,5f3f9035c749de0ddc9de04c,75.748025640%
Magway Constituency 11,မကွေးတိုင်းဒေသကြီး မဲဆန္ဒနယ် ၁၁,The Union of Myanmar Federation of National Politics,5f3f9035c749de0ddc9de03e,11.209344917%
Magway Constituency 11,မကွေးတိုင်းဒေသကြီး မဲဆန္ဒနယ် ၁၁,National Unity Party,5f3f9035c749de0ddc9de02e,13.042629443%
Magway Constituency 12,မကွေးတိုင်းဒေသကြီး မဲဆန္ဒနယ် ၁၂,Union Solidarity and Development Party,5f3f9035c749de0ddc9de04c,45.022511256%
Magway Constituency 12,မကွေးတိုင်းဒေသကြီး မဲဆန္ဒနယ် ၁၂,The Union of Myanmar Federation of National Politics,5f3f9035c749de0ddc9de03e,14.145805297%
Magway Constituency 12,မကွေးတိုင်းဒေသကြီး မဲဆန္ဒနယ် ၁၂,National Unity Party,5f3f9035c749de0ddc9de02e,20.157261729%
Magway Constituency 12,မကွေးတိုင်းဒေသကြီး မဲဆန္ဒနယ် ၁၂,National Democratic Force,5f3f9035c749de0ddc9de052,20.674421718%
Mandalay Constituency 1,မန္တလေးတိုင်းဒေသကြီး မဲဆန္ဒနယ် ၁,Union Solidarity and Development Party,5f3f9035c749de0ddc9de04c,46.612577321%
Mandalay Constituency 1,မန္တလေးတိုင်းဒေသကြီး မဲဆန္ဒနယ် ၁,National Unity Party,5f3f9035c749de0ddc9de02e,14.508899194%
Mandalay Constituency 1,မန္တလေးတိုင်းဒေသကြီး မဲဆန္ဒနယ် ၁,National Democratic Force,5f3f9035c749de0ddc9de052,32.056840264%
Mandalay Constituency 1,မန္တလေးတိုင်းဒေသကြီး မဲဆန္ဒနယ် ၁,Democratic Party (Myanmar),5f3f9035c749de0ddc9de032,6.821683221%
Mandalay Constituency 2,မန္တလေးတိုင်းဒေသကြီး မဲဆန္ဒနယ် ၂,Union Solidarity and Development Party,5f3f9035c749de0ddc9de04c,41.617546055%
Mandalay Constituency 2,မန္တလေးတိုင်းဒေသကြီး မဲဆန္ဒနယ် ၂,National Unity Party,5f3f9035c749de0ddc9de02e,17.121445688%
Mandalay Constituency 2,မန္တလေးတိုင်းဒေသကြီး မဲဆန္ဒနယ် ၂,National Democratic Force,5f3f9035c749de0ddc9de052,28.802637403%
Mandalay Constituency 2,မန္တလေးတိုင်းဒေသကြီး မဲဆန္ဒနယ် ၂,Democratic Party (Myanmar),5f3f9035c749de0ddc9de032,4.276011539%
Mandalay Constituency 2,မန္တလေးတိုင်းဒေသကြီး မဲဆန္ဒနယ် ၂,88 Generation Student Youths (Union of Myanmar),5f3f9035c749de0ddc9de03d,8.182359316%
Mandalay Constituency 3,မန္တလေးတိုင်းဒေသကြီး မဲဆန္ဒနယ် ၃,Union Solidarity and Development Party,5f3f9035c749de0ddc9de04c,64.366208657%
Mandalay Constituency 3,မန္တလေးတိုင်းဒေသကြီး မဲဆန္ဒနယ် ၃,National Unity Party,5f3f9035c749de0ddc9de02e,35.633791343%
Mandalay Constituency 4,မန္တလေးတိုင်းဒေသကြီး မဲဆန္ဒနယ် ၄,Union Solidarity and Development Party,5f3f9035c749de0ddc9de04c,76.913579013%
Mandalay Constituency 4,မန္တလေးတိုင်းဒေသကြီး မဲဆန္ဒနယ် ၄,National Unity Party,5f3f9035c749de0ddc9de02e,8.419647678%
Mandalay Constituency 4,မန္တလေးတိုင်းဒေသကြီး မဲဆန္ဒနယ် ၄,National Democratic Force,5f3f9035c749de0ddc9de052,14.666773310%
Mandalay Constituency 5,မန္တလေးတိုင်းဒေသကြီး မဲဆန္ဒနယ် ၅,Union Solidarity and Development Party,5f3f9035c749de0ddc9de04c,75.838857272%
Mandalay Constituency 5,မန္တလေးတိုင်းဒေသကြီး မဲဆန္ဒနယ် ၅,National Unity Party,5f3f9035c749de0ddc9de02e,10.462573534%
Mandalay Constituency 5,မန္တလေးတိုင်းဒေသကြီး မဲဆန္ဒနယ် ၅,National Democratic Force,5f3f9035c749de0ddc9de052,8.099228987%
Mandalay Constituency 5,မန္တလေးတိုင်းဒေသကြီး မဲဆန္ဒနယ် ၅,Democratic Party (Myanmar),5f3f9035c749de0ddc9de032,5.599340207%
Mandalay Constituency 6,မန္တလေးတိုင်းဒေသကြီး မဲဆန္ဒနယ် ၆,Union Solidarity and Development Party,5f3f9035c749de0ddc9de04c,84.270592068%
Mandalay Constituency 6,မန္တလေးတိုင်းဒေသကြီး မဲဆန္ဒနယ် ၆,National Unity Party,5f3f9035c749de0ddc9de02e,15.729407932%
Mandalay Constituency 7,မန္တလေးတိုင်းဒေသကြီး မဲဆန္ဒနယ် ၇,Union Solidarity and Development Party,5f3f9035c749de0ddc9de04c,60.587963122%
Mandalay Constituency 7,မန္တလေးတိုင်းဒေသကြီး မဲဆန္ဒနယ် ၇,National Unity Party,5f3f9035c749de0ddc9de02e,18.696233334%
Mandalay Constituency 7,မန္တလေးတိုင်းဒေသကြီး မဲဆန္ဒနယ် ၇,National Democratic Force,5f3f9035c749de0ddc9de052,20.715803544%
Mandalay Constituency 8,မန္တလေးတိုင်းဒေသကြီး မဲဆန္ဒနယ် ၈,Union Solidarity and Development Party,5f3f9035c749de0ddc9de04c,82.041778512%
Mandalay Constituency 8,မန္တလေးတိုင်းဒေသကြီး မဲဆန္ဒနယ် ၈,National Unity Party,5f3f9035c749de0ddc9de02e,11.796407186%
Mandalay Constituency 8,မန္တလေးတိုင်းဒေသကြီး မဲဆန္ဒနယ် ၈,National Democratic Force,5f3f9035c749de0ddc9de052,6.161814302%
Mandalay Constituency 9,မန္တလေးတိုင်းဒေသကြီး မဲဆန္ဒနယ် ၉,Union Solidarity and Development Party,5f3f9035c749de0ddc9de04c,70.232285153%
Mandalay Constituency 9,မန္တလေးတိုင်းဒေသကြီး မဲဆန္ဒနယ် ၉,The Union of Myanmar Federation of National Politics,5f3f9035c749de0ddc9de03e,8.706291338%
Mandalay Constituency 9,မန္တလေးတိုင်းဒေသကြီး မဲဆန္ဒနယ် ၉,National Unity Party,5f3f9035c749de0ddc9de02e,21.061423508%
Mandalay Constituency 10,မန္တလေးတိုင်းဒေသကြီး မဲဆန္ဒနယ် ၁၀,Union Solidarity and Development Party,5f3f9035c749de0ddc9de04c,87.594534731%
Mandalay Constituency 10,မန္တလေးတိုင်းဒေသကြီး မဲဆန္ဒနယ် ၁၀,The Union of Myanmar Federation of National Politics,5f3f9035c749de0ddc9de03e,3.553337115%
Mandalay Constituency 10,မန္တလေးတိုင်းဒေသကြီး မဲဆန္ဒနယ် ၁၀,National Unity Party,5f3f9035c749de0ddc9de02e,8.852128154%
Mandalay Constituency 11,မန္တလေးတိုင်းဒေသကြီး မဲဆန္ဒနယ် ၁၁,Union Solidarity and Development Party,5f3f9035c749de0ddc9de04c,75.938766437%
Mandalay Constituency 11,မန္တလေးတိုင်းဒေသကြီး မဲဆန္ဒနယ် ၁၁,National Unity Party,5f3f9035c749de0ddc9de02e,12.475419367%
Mandalay Constituency 11,မန္တလေးတိုင်းဒေသကြီး မဲဆန္ဒနယ် ၁၁,National Democratic Force,5f3f9035c749de0ddc9de052,11.585814196%
Mandalay Constituency 12,မန္တလေးတိုင်းဒေသကြီး မဲဆန္ဒနယ် ၁၂,Union Solidarity and Development Party,5f3f9035c749de0ddc9de04c,65.368761410%
Mandalay Constituency 12,မန္တလေးတိုင်းဒေသကြီး မဲဆန္ဒနယ် ၁၂,National Unity Party,5f3f9035c749de0ddc9de02e,18.395618415%
Mandalay Constituency 12,မန္တလေးတိုင်းဒေသကြီး မဲဆန္ဒနယ် ၁၂,National Democratic Force,5f3f9035c749de0ddc9de052,16.235620175%
Mon Constituency 1,မွန်ပြည်နယ် မဲဆန္ဒနယ် ၁,Union Solidarity and Development Party,5f3f9035c749de0ddc9de04c,46.437177281%
Mon Constituency 1,မွန်ပြည်နယ် မဲဆန္ဒနယ် ၁,National Unity Party,5f3f9035c749de0ddc9de02e,23.541308090%
Mon Constituency 1,မွန်ပြည်နယ် မဲဆန္ဒနယ် ၁,All Mon Region Democracy Party,5f3f9035c749de0ddc9de039,30.021514630%
Mon Constituency 2,မွန်ပြည်နယ် မဲဆန္ဒနယ် ၂,Union Solidarity and Development Party,5f3f9035c749de0ddc9de04c,52.114328045%
Mon Constituency 2,မွန်ပြည်နယ် မဲဆန္ဒနယ် ၂,National Unity Party,5f3f9035c749de0ddc9de02e,23.563182913%
Mon Constituency 2,မွန်ပြည်နယ် မဲဆန္ဒနယ် ၂,All Mon Region Democracy Party,5f3f9035c749de0ddc9de039,24.322489043%
Mon Constituency 3,မွန်ပြည်နယ် မဲဆန္ဒနယ် ၃,Union Solidarity and Development Party,5f3f9035c749de0ddc9de04c,40.804655565%
Mon Constituency 3,မွန်ပြည်နယ် မဲဆန္ဒနယ် ၃,National Unity Party,5f3f9035c749de0ddc9de02e,13.330379976%
Mon Constituency 3,မွန်ပြည်နယ် မဲဆန္ဒနယ် ၃,Democratic Party (Myanmar),5f3f9035c749de0ddc9de032,10.515293691%
Mon Constituency 3,မွန်ပြည်နယ် မဲဆန္ဒနယ် ၃,All Mon Region Democracy Party,5f3f9035c749de0ddc9de039,35.349670768%
Mon Constituency 4,မွန်ပြည်နယ် မဲဆန္ဒနယ် ၄,Union Solidarity and Development Party,5f3f9035c749de0ddc9de04c,38.221023173%
Mon Constituency 4,မွန်ပြည်နယ် မဲဆန္ဒနယ် ၄,National Unity Party,5f3f9035c749de0ddc9de02e,13.962431295%
Mon Constituency 4,မွန်ပြည်နယ် မဲဆန္ဒနယ် ၄,All Mon Region Democracy Party,5f3f9035c749de0ddc9de039,47.816545531%
Mon Constituency 5,မွန်ပြည်နယ် မဲဆန္ဒနယ် ၅,Union Solidarity and Development Party,5f3f9035c749de0ddc9de04c,32.397277700%
Mon Constituency 5,မွန်ပြည်နယ် မဲဆန္ဒနယ် ၅,National Unity Party,5f3f9035c749de0ddc9de02e,24.863248951%
Mon Constituency 5,မွန်ပြည်နယ် မဲဆန္ဒနယ် ၅,All Mon Region Democracy Party,5f3f9035c749de0ddc9de039,42.739473349%
Mon Constituency 6,မွန်ပြည်နယ် မဲဆန္ဒနယ် ၆,Union Solidarity and Development Party,5f3f9035c749de0ddc9de04c,47.778052194%
Mon Constituency 6,မွန်ပြည်နယ် မဲဆန္ဒနယ် ၆,National Unity Party,5f3f9035c749de0ddc9de02e,9.304354985%
Mon Constituency 6,မွန်ပြည်နယ် မဲဆန္ဒနယ် ၆,All Mon Region Democracy Party,5f3f9035c749de0ddc9de039,42.917592821%
Mon Constituency 7,မွန်ပြည်နယ် မဲဆန္ဒနယ် ၇,Union Solidarity and Development Party,5f3f9035c749de0ddc9de04c,27.240620452%
Mon Constituency 7,မွန်ပြည်နယ် မဲဆန္ဒနယ် ၇,National Unity Party,5f3f9035c749de0ddc9de02e,12.483583573%
Mon Constituency 7,မွန်ပြည်နယ် မဲဆန္ဒနယ် ၇,All Mon Region Democracy Party,5f3f9035c749de0ddc9de039,60.275795975%
Mon Constituency 8,မွန်ပြည်နယ် မဲဆန္ဒနယ် ၈,Union Solidarity and Development Party,5f3f9035c749de0ddc9de04c,46.983610739%
Mon Constituency 8,မွန်ပြည်နယ် မဲဆန္ဒနယ် ၈,National Unity Party,5f3f9035c749de0ddc9de02e,53.016389261%
Mon Constituency 9,မွန်ပြည်နယ် မဲဆန္ဒနယ် ၉,Union Solidarity and Development Party,5f3f9035c749de0ddc9de04c,50.675171687%
Mon Constituency 9,မွန်ပြည်နယ် မဲဆန္ဒနယ် ၉,National Unity Party,5f3f9035c749de0ddc9de02e,49.324828313%
Mon Constituency 10,မွန်ပြည်နယ် မဲဆန္ဒနယ် ၁၀,Union Solidarity and Development Party,5f3f9035c749de0ddc9de04c,35.681323091%
Mon Constituency 10,မွန်ပြည်နယ် မဲဆန္ဒနယ် ၁၀,National Unity Party,5f3f9035c749de0ddc9de02e,33.726496216%
Mon Constituency 10,မွန်ပြည်နယ် မဲဆန္ဒနယ် ၁၀,All Mon Region Democracy Party,5f3f9035c749de0ddc9de039,30.592180693%
Mon Constituency 11,မွန်ပြည်နယ် မဲဆန္ဒနယ် ၁၁,Union Solidarity and Development Party,5f3f9035c749de0ddc9de04c,54.009891197%
Mon Constituency 11,မွန်ပြည်နယ် မဲဆန္ဒနယ် ၁၁,National Unity Party,5f3f9035c749de0ddc9de02e,42.178041543%
Mon Constituency 11,မွန်ပြည်နယ် မဲဆန္ဒနယ် ၁၁,Kayin People's Party,5f3f9035c749de0ddc9de035,3.812067260%
Mon Constituency 12,မွန်ပြည်နယ် မဲဆန္ဒနယ် ၁၂,Union Solidarity and Development Party,5f3f9035c749de0ddc9de04c,52.083333333%
Mon Constituency 12,မွန်ပြည်နယ် မဲဆန္ဒနယ် ၁၂,National Unity Party,5f3f9035c749de0ddc9de02e,47.916666667%
Rakhine Constituency 1,ရခိုင်ပြည်နယ် မဲဆန္ဒနယ် ၁,Union Solidarity and Development Party,5f3f9035c749de0ddc9de04c,23.302166672%
Rakhine Constituency 1,ရခိုင်ပြည်နယ် မဲဆန္ဒနယ် ၁,Rakhine Nationalities Development Party,5f3f9035c749de0ddc9de048,43.016418726%
Rakhine Constituency 1,ရခိုင်ပြည်နယ် မဲဆန္ဒနယ် ၁,National Unity Party,5f3f9035c749de0ddc9de02e,3.101671861%
Rakhine Constituency 1,ရခိုင်ပြည်နယ် မဲဆန္ဒနယ် ၁,National Democratic Party for Development (NDPD),5f3f9035c749de0ddc9de04b,26.328867183%
Rakhine Constituency 1,ရခိုင်ပြည်နယ် မဲဆန္ဒနယ် ၁,Kaman National Development Party,5f3f9035c749de0ddc9de050,4.250875558%
Rakhine Constituency 2,ရခိုင်ပြည်နယ် မဲဆန္ဒနယ် ၂,Union Solidarity and Development Party,5f3f9035c749de0ddc9de04c,20.818743236%
Rakhine Constituency 2,ရခိုင်ပြည်နယ် မဲဆန္ဒနယ် ၂,Rakhine State National United Party,5f3f9035c749de0ddc9de034,3.510536703%
Rakhine Constituency 2,ရခိုင်ပြည်နယ် မဲဆန္ဒနယ် ၂,Rakhine Nationalities Development Party,5f3f9035c749de0ddc9de048,57.301839944%
Rakhine Constituency 2,ရခိုင်ပြည်နယ် မဲဆန္ဒနယ် ၂,National Unity Party,5f3f9035c749de0ddc9de02e,9.749793086%
Rakhine Constituency 2,ရခိုင်ပြည်နယ် မဲဆန္ဒနယ် ၂,Khami National Development Party,5f3f9035c749de0ddc9de051,8.619087031%
Rakhine Constituency 3,ရခိုင်ပြည်နယ် မဲဆန္ဒနယ် ၃,Union Solidarity and Development Party,5f3f9035c749de0ddc9de04c,13.821384847%
Rakhine Constituency 3,ရခိုင်ပြည်နယ် မဲဆန္ဒနယ် ၃,Rakhine State National United Party,5f3f9035c749de0ddc9de034,4.110553744%
Rakhine Constituency 3,ရခိုင်ပြည်နယ် မဲဆန္ဒနယ် ၃,Rakhine Nationalities Development Party,5f3f9035c749de0ddc9de048,44.482605445%
Rakhine Constituency 3,ရခိုင်ပြည်နယ် မဲဆန္ဒနယ် ၃,National Unity Party,5f3f9035c749de0ddc9de02e,10.528824798%
Rakhine Constituency 3,ရခိုင်ပြည်နယ် မဲဆန္ဒနယ် ၃,National Democratic Party for Development (NDPD),5f3f9035c749de0ddc9de04b,16.227694775%
Rakhine Constituency 3,ရခိုင်ပြည်နယ် မဲဆန္ဒနယ် ၃,Mro National Development Party,5f3f9035c749de0ddc9de02d,10.828936392%
Rakhine Constituency 4,ရခိုင်ပြည်နယ် မဲဆန္ဒနယ် ၄,Union Solidarity and Development Party,5f3f9035c749de0ddc9de04c,30.140241597%
Rakhine Constituency 4,ရခိုင်ပြည်နယ် မဲဆန္ဒနယ် ၄,Rakhine Nationalities Development Party,5f3f9035c749de0ddc9de048,53.659063496%
Rakhine Constituency 4,ရခိုင်ပြည်နယ် မဲဆန္ဒနယ် ၄,National Unity Party,5f3f9035c749de0ddc9de02e,16.200694907%
Rakhine Constituency 5,ရခိုင်ပြည်နယ် မဲဆန္ဒနယ် ၅,Union Solidarity and Development Party,5f3f9035c749de0ddc9de04c,28.759874026%
Rakhine Constituency 5,ရခိုင်ပြည်နယ် မဲဆန္ဒနယ် ၅,Rakhine Nationalities Development Party,5f3f9035c749de0ddc9de048,57.741752285%
Rakhine Constituency 5,ရခိုင်ပြည်နယ် မဲဆန္ဒနယ် ၅,National Unity Party,5f3f9035c749de0ddc9de02e,13.498373690%
Rakhine Constituency 6,ရခိုင်ပြည်နယ် မဲဆန္ဒနယ် ၆,Union Solidarity and Development Party,5f3f9035c749de0ddc9de04c,26.157468727%
Rakhine Constituency 6,ရခိုင်ပြည်နယ် မဲဆန္ဒနယ် ၆,Rakhine Nationalities Development Party,5f3f9035c749de0ddc9de048,56.320824135%
Rakhine Constituency 6,ရခိုင်ပြည်နယ် မဲဆန္ဒနယ် ၆,National Unity Party,5f3f9035c749de0ddc9de02e,13.881775816%
Rakhine Constituency 6,ရခိုင်ပြည်နယ် မဲဆန္ဒနယ် ၆,Khami National Development Party,5f3f9035c749de0ddc9de051,3.639931322%
Rakhine Constituency 7,ရခိုင်ပြည်နယ် မဲဆန္ဒနယ် ၇,Union Solidarity and Development Party,5f3f9035c749de0ddc9de04c,63.898897791%
Rakhine Constituency 7,ရခိုင်ပြည်နယ် မဲဆန္ဒနယ် ၇,National Unity Party,5f3f9035c749de0ddc9de02e,1.840555974%
Rakhine Constituency 7,ရခိုင်ပြည်နယ် မဲဆန္ဒနယ် ၇,National Democratic Party for Development (NDPD),5f3f9035c749de0ddc9de04b,34.260546235%
Rakhine Constituency 8,ရခိုင်ပြည်နယ် မဲဆန္ဒနယ် ၈,Unity and Democracy Party of Kachin State,5f3f9035c749de0ddc9de054,1.441448883%
Rakhine Constituency 8,ရခိုင်ပြည်နယ် မဲဆန္ဒနယ် ၈,Union Solidarity and Development Party,5f3f9035c749de0ddc9de04c,66.665978296%
Rakhine Constituency 8,ရခိုင်ပြည်နယ် မဲဆန္ဒနယ် ၈,National Democratic Party for Development (NDPD),5f3f9035c749de0ddc9de04b,31.892572821%
Rakhine Constituency 9,ရခိုင်ပြည်နယ် မဲဆန္ဒနယ် ၉,Unity and Democracy Party of Kachin State,5f3f9035c749de0ddc9de054,2.082889896%
Rakhine Constituency 9,ရခိုင်ပြည်နယ် မဲဆန္ဒနယ် ၉,Union Solidarity and Development Party,5f3f9035c749de0ddc9de04c,36.579803570%
Rakhine Constituency 9,ရခိုင်ပြည်နယ် မဲဆန္ဒနယ် ၉,National Democratic Party for Development (NDPD),5f3f9035c749de0ddc9de04b,33.543649466%
Rakhine Constituency 9,ရခိုင်ပြည်နယ် မဲဆန္ဒနယ် ၉,Khami National Development Party,5f3f9035c749de0ddc9de051,8.302672789%
Rakhine Constituency 9,ရခိုင်ပြည်နယ် မဲဆန္ဒနယ် ၉,,,19.490984280%
Rakhine Constituency 10,ရခိုင်ပြည်နယ် မဲဆန္ဒနယ် ၁၀,Union Solidarity and Development Party,5f3f9035c749de0ddc9de04c,36.807588886%
Rakhine Constituency 10,ရခိုင်ပြည်နယ် မဲဆန္ဒနယ် ၁၀,Rakhine Nationalities Development Party,5f3f9035c749de0ddc9de048,42.796534210%
Rakhine Constituency 10,ရခိုင်ပြည်နယ် မဲဆန္ဒနယ် ၁၀,National Unity Party,5f3f9035c749de0ddc9de02e,20.395876905%
Rakhine Constituency 11,ရခိုင်ပြည်နယ် မဲဆန္ဒနယ် ၁၁,Union Solidarity and Development Party,5f3f9035c749de0ddc9de04c,71.647632344%
Rakhine Constituency 11,ရခိုင်ပြည်နယ် မဲဆန္ဒနယ် ၁၁,Rakhine Nationalities Development Party,5f3f9035c749de0ddc9de048,19.481381457%
Rakhine Constituency 11,ရခိုင်ပြည်နယ် မဲဆန္ဒနယ် ၁၁,National Unity Party,5f3f9035c749de0ddc9de02e,8.870986199%
Rakhine Constituency 12,ရခိုင်ပြည်နယ် မဲဆန္ဒနယ် ၁၂,Union Solidarity and Development Party,5f3f9035c749de0ddc9de04c,55.192372475%
Rakhine Constituency 12,ရခိုင်ပြည်နယ် မဲဆန္ဒနယ် ၁၂,National Unity Party,5f3f9035c749de0ddc9de02e,44.807627525%
Sagaing Constituency 1,စစ်ကိုင်းတိုင်းဒေသကြီး မဲဆန္ဒနယ် ၁,Union Solidarity and Development Party,5f3f9035c749de0ddc9de04c,66.772702692%
Sagaing Constituency 1,စစ်ကိုင်းတိုင်းဒေသကြီး မဲဆန္ဒနယ် ၁,National Unity Party,5f3f9035c749de0ddc9de02e,21.025580434%
Sagaing Constituency 1,စစ်ကိုင်းတိုင်းဒေသကြီး မဲဆန္ဒနယ် ၁,88 Generation Student Youths (Union of Myanmar),5f3f9035c749de0ddc9de03d,12.201716875%
Sagaing Constituency 2,စစ်ကိုင်းတိုင်းဒေသကြီး မဲဆန္ဒနယ် ၂,Union Solidarity and Development Party,5f3f9035c749de0ddc9de04c,79.848687435%
Sagaing Constituency 2,စစ်ကိုင်းတိုင်းဒေသကြီး မဲဆန္ဒနယ် ၂,National Unity Party,5f3f9035c749de0ddc9de02e,20.151312565%
Sagaing Constituency 3,စစ်ကိုင်းတိုင်းဒေသကြီး မဲဆန္ဒနယ် ၃,Union Solidarity and Development Party,5f3f9035c749de0ddc9de04c,76.340694006%
Sagaing Constituency 3,စစ်ကိုင်းတိုင်းဒေသကြီး မဲဆန္ဒနယ် ၃,National Unity Party,5f3f9035c749de0ddc9de02e,23.659305994%
Sagaing Constituency 4,စစ်ကိုင်းတိုင်းဒေသကြီး မဲဆန္ဒနယ် ၄,Union Solidarity and Development Party,5f3f9035c749de0ddc9de04c,72.259891957%
Sagaing Constituency 4,စစ်ကိုင်းတိုင်းဒေသကြီး မဲဆန္ဒနယ် ၄,National Unity Party,5f3f9035c749de0ddc9de02e,27.740108043%
Sagaing Constituency 5,စစ်ကိုင်းတိုင်းဒေသကြီး မဲဆန္ဒနယ် ၅,Union Solidarity and Development Party,5f3f9035c749de0ddc9de04c,78.002480175%
Sagaing Constituency 5,စစ်ကိုင်းတိုင်းဒေသကြီး မဲဆန္ဒနယ် ၅,National Unity Party,5f3f9035c749de0ddc9de02e,13.945436152%
Sagaing Constituency 5,စစ်ကိုင်းတိုင်းဒေသကြီး မဲဆန္ဒနယ် ၅,National Democratic Force,5f3f9035c749de0ddc9de052,8.052083673%
Sagaing Constituency 6,စစ်ကိုင်းတိုင်းဒေသကြီး မဲဆန္ဒနယ် ၆,Union Solidarity and Development Party,5f3f9035c749de0ddc9de04c,52.891417692%
Sagaing Constituency 6,စစ်ကိုင်းတိုင်းဒေသကြီး မဲဆန္ဒနယ် ၆,National Unity Party,5f3f9035c749de0ddc9de02e,47.108582308%
Sagaing Constituency 7,စစ်ကိုင်းတိုင်းဒေသကြီး မဲဆန္ဒနယ် ၇,Union Solidarity and Development Party,5f3f9035c749de0ddc9de04c,60.274853937%
Sagaing Constituency 7,စစ်ကိုင်းတိုင်းဒေသကြီး မဲဆန္ဒနယ် ၇,National Unity Party,5f3f9035c749de0ddc9de02e,39.725146063%
Sagaing Constituency 8,စစ်ကိုင်းတိုင်းဒေသကြီး မဲဆန္ဒနယ် ၈,Union Solidarity and Development Party,5f3f9035c749de0ddc9de04c,52.126018046%
Sagaing Constituency 8,စစ်ကိုင်းတိုင်းဒေသကြီး မဲဆန္ဒနယ် ၈,National Unity Party,5f3f9035c749de0ddc9de02e,32.190702950%
Sagaing Constituency 8,စစ်ကိုင်းတိုင်းဒေသကြီး မဲဆန္ဒနယ် ၈,Chin Progressive Party,5f3f9035c749de0ddc9de046,15.683279003%
Sagaing Constituency 9,စစ်ကိုင်းတိုင်းဒေသကြီး မဲဆန္ဒနယ် ၉,Union Solidarity and Development Party,5f3f9035c749de0ddc9de04c,53.491223852%
Sagaing Constituency 9,စစ်ကိုင်းတိုင်းဒေသကြီး မဲဆန္ဒနယ် ၉,National Unity Party,5f3f9035c749de0ddc9de02e,21.269535946%
Sagaing Constituency 9,စစ်ကိုင်းတိုင်းဒေသကြီး မဲဆန္ဒနယ် ၉,Chin Progressive Party,5f3f9035c749de0ddc9de046,25.239240202%
Sagaing Constituency 10,စစ်ကိုင်းတိုင်းဒေသကြီး မဲဆန္ဒနယ် ၁၀,Union Solidarity and Development Party,5f3f9035c749de0ddc9de04c,48.861354902%
Sagaing Constituency 10,စစ်ကိုင်းတိုင်းဒေသကြီး မဲဆန္ဒနယ် ၁၀,National Unity Party,5f3f9035c749de0ddc9de02e,51.138645098%
Sagaing Constituency 11,စစ်ကိုင်းတိုင်းဒေသကြီး မဲဆန္ဒနယ် ၁၁,Union Solidarity and Development Party,5f3f9035c749de0ddc9de04c,43.390038656%
Sagaing Constituency 11,စစ်ကိုင်းတိုင်းဒေသကြီး မဲဆန္ဒနယ် ၁၁,Shan Nationalities Democratic Party,5f3f9035c749de0ddc9de03b,25.231310270%
Sagaing Constituency 11,စစ်ကိုင်းတိုင်းဒေသကြီး မဲဆန္ဒနယ် ၁၁,National Unity Party,5f3f9035c749de0ddc9de02e,31.378651074%
Sagaing Constituency 12,စစ်ကိုင်းတိုင်းဒေသကြီး မဲဆန္ဒနယ် ၁၂,Union Solidarity and Development Party,5f3f9035c749de0ddc9de04c,82.035803497%
Sagaing Constituency 12,စစ်ကိုင်းတိုင်းဒေသကြီး မဲဆန္ဒနယ် ၁၂,National Unity Party,5f3f9035c749de0ddc9de02e,17.964196503%
Shan Constituency 1,ရှမ်းပြည်နယ် မဲဆန္ဒနယ် ၁,Union Solidarity and Development Party,5f3f9035c749de0ddc9de04c,55.354961529%
Shan Constituency 1,ရှမ်းပြည်နယ် မဲဆန္ဒနယ် ၁,National Unity Party,5f3f9035c749de0ddc9de02e,23.560380288%
Shan Constituency 1,ရှမ်းပြည်နယ် မဲဆန္ဒနယ် ၁,Kayan National Party,5f3f9035c749de0ddc9de033,4.034266677%
Shan Constituency 1,ရှမ်းပြည်နယ် မဲဆန္ဒနယ် ၁,Inn National Development Party,5f3f9035c749de0ddc9de047,17.050391506%
Shan Constituency 2,ရှမ်းပြည်နယ် မဲဆန္ဒနယ် ၂,Union Solidarity and Development Party,5f3f9035c749de0ddc9de04c,40.089564924%
Shan Constituency 2,ရှမ်းပြည်နယ် မဲဆန္ဒနယ် ၂,Shan Nationalities Democratic Party,5f3f9035c749de0ddc9de03b,51.249768461%
Shan Constituency 2,ရှမ်းပြည်နယ် မဲဆန္ဒနယ် ၂,National Unity Party,5f3f9035c749de0ddc9de02e,8.660666616%
Shan Constituency 3,ရှမ်းပြည်နယ် မဲဆန္ဒနယ် ၃,Union Solidarity and Development Party,5f3f9035c749de0ddc9de04c,42.587098637%
Shan Constituency 3,ရှမ်းပြည်နယ် မဲဆန္ဒနယ် ၃,Shan Nationalities Democratic Party,5f3f9035c749de0ddc9de03b,35.768857150%
Shan Constituency 3,ရှမ်းပြည်နယ် မဲဆန္ဒနယ် ၃,National Unity Party,5f3f9035c749de0ddc9de02e,7.492976975%
Shan Constituency 3,ရှမ်းပြည်နယ် မဲဆန္ဒနယ် ၃,Kokang Democracy and Unity Party,5f3f9035c749de0ddc9de030,14.151067237%
Shan Constituency 4,ရှမ်းပြည်နယ် မဲဆန္ဒနယ် ၄,Union Solidarity and Development Party,5f3f9035c749de0ddc9de04c,35.160690947%
Shan Constituency 4,ရှမ်းပြည်နယ် မဲဆန္ဒနယ် ၄,Shan Nationalities Democratic Party,5f3f9035c749de0ddc9de03b,48.600154314%
Shan Constituency 4,ရှမ်းပြည်နယ် မဲဆန္ဒနယ် ၄,National Unity Party,5f3f9035c749de0ddc9de02e,16.239154739%
Shan Constituency 5,ရှမ်းပြည်နယ် မဲဆန္ဒနယ် ၅,Union Solidarity and Development Party,5f3f9035c749de0ddc9de04c,39.481430751%
Shan Constituency 5,ရှမ်းပြည်နယ် မဲဆန္ဒနယ် ၅,Ta-Arng (Palaung) National Party,5f3f9035c749de0ddc9de038,22.528806065%
Shan Constituency 5,ရှမ်းပြည်နယ် မဲဆန္ဒနယ် ၅,Shan Nationalities Democratic Party,5f3f9035c749de0ddc9de03b,28.761609535%
Shan Constituency 5,ရှမ်းပြည်နယ် မဲဆန္ဒနယ် ၅,National Unity Party,5f3f9035c749de0ddc9de02e,9.228153648%
Shan Constituency 6,ရှမ်းပြည်နယ် မဲဆန္ဒနယ် ၆,Union Solidarity and Development Party,5f3f9035c749de0ddc9de04c,67.728633842%
Shan Constituency 6,ရှမ်းပြည်နယ် မဲဆန္ဒနယ် ၆,Shan Nationalities Democratic Party,5f3f9035c749de0ddc9de03b,21.145255510%
Shan Constituency 6,ရှမ်းပြည်နယ် မဲဆန္ဒနယ် ၆,National Unity Party,5f3f9035c749de0ddc9de02e,3.956604978%
Shan Constituency 6,ရှမ်းပြည်နယ် မဲဆန္ဒနယ် ၆,National Democratic Force,5f3f9035c749de0ddc9de052,7.169505670%
Shan Constituency 7,ရှမ်းပြည်နယ် မဲဆန္ဒနယ် ၇,Union Solidarity and Development Party,5f3f9035c749de0ddc9de04c,58.653306968%
Shan Constituency 7,ရှမ်းပြည်နယ် မဲဆန္ဒနယ် ၇,Shan Nationalities Democratic Party,5f3f9035c749de0ddc9de03b,30.416433020%
Shan Constituency 7,ရှမ်းပြည်နယ် မဲဆန္ဒနယ် ၇,National Unity Party,5f3f9035c749de0ddc9de02e,10.930260012%
Shan Constituency 8,ရှမ်းပြည်နယ် မဲဆန္ဒနယ် ၈,Union Solidarity and Development Party,5f3f9035c749de0ddc9de04c,43.369479045%
Shan Constituency 8,ရှမ်းပြည်နယ် မဲဆန္ဒနယ် ၈,National Unity Party,5f3f9035c749de0ddc9de02e,16.022359280%
Shan Constituency 8,ရှမ်းပြည်နယ် မဲဆန္ဒနယ် ၈,,,40.608161675%
Shan Constituency 9,ရှမ်းပြည်နယ် မဲဆန္ဒနယ် ၉,Pa-O National Organization (PNO),5f3f9035c749de0ddc9de031,
Shan Constituency 10,ရှမ်းပြည်နယ် မဲဆန္ဒနယ် ၁၀,Ta-Arng (Palaung) National Party,5f3f9035c749de0ddc9de038,
Shan Constituency 11,ရှမ်းပြည်နယ် မဲဆန္ဒနယ် ၁၁,Union Solidarity and Development Party,5f3f9035c749de0ddc9de04c,
Shan Constituency 12,ရှမ်းပြည်နယ် မဲဆန္ဒနယ် ၁၂,Wa National Unity Party,5f3f9035c749de0ddc9de036,6.745890275%
Shan Constituency 12,ရှမ်းပြည်နယ် မဲဆန္ဒနယ် ၁၂,Wa Democratic Party,5f3f9035c749de0ddc9de049,93.254109725%
Tanintharyi Constituency 1,တနင်္သာရီတိုင်းဒေသကြီး မဲဆန္ဒနယ် ၁,Union Solidarity and Development Party,5f3f9035c749de0ddc9de04c,45.696930164%
Tanintharyi Constituency 1,တနင်္သာရီတိုင်းဒေသကြီး မဲဆန္ဒနယ် ၁,National Unity Party,5f3f9035c749de0ddc9de02e,28.072893310%
Tanintharyi Constituency 1,တနင်္သာရီတိုင်းဒေသကြီး မဲဆန္ဒနယ် ၁,National Democratic Force,5f3f9035c749de0ddc9de052,26.230176526%
Tanintharyi Constituency 2,တနင်္သာရီတိုင်းဒေသကြီး မဲဆန္ဒနယ် ၂,Union Solidarity and Development Party,5f3f9035c749de0ddc9de04c,52.087370668%
Tanintharyi Constituency 2,တနင်္သာရီတိုင်းဒေသကြီး မဲဆန္ဒနယ် ၂,National Unity Party,5f3f9035c749de0ddc9de02e,22.079159139%
Tanintharyi Constituency 2,တနင်္သာရီတိုင်းဒေသကြီး မဲဆန္ဒနယ် ၂,National Democratic Force,5f3f9035c749de0ddc9de052,25.833470192%
Tanintharyi Constituency 3,တနင်္သာရီတိုင်းဒေသကြီး မဲဆန္ဒနယ် ၃,Union Solidarity and Development Party,5f3f9035c749de0ddc9de04c,66.793900002%
Tanintharyi Constituency 3,တနင်္သာရီတိုင်းဒေသကြီး မဲဆန္ဒနယ် ၃,National Unity Party,5f3f9035c749de0ddc9de02e,33.206099998%
Tanintharyi Constituency 4,တနင်္သာရီတိုင်းဒေသကြီး မဲဆန္ဒနယ် ၄,Union Solidarity and Development Party,5f3f9035c749de0ddc9de04c,58.790102995%
Tanintharyi Constituency 4,တနင်္သာရီတိုင်းဒေသကြီး မဲဆန္ဒနယ် ၄,National Unity Party,5f3f9035c749de0ddc9de02e,38.977151651%
Tanintharyi Constituency 4,တနင်္သာရီတိုင်းဒေသကြီး မဲဆန္ဒနယ် ၄,,,2.232745353%
Tanintharyi Constituency 5,တနင်္သာရီတိုင်းဒေသကြီး မဲဆန္ဒနယ် ၅,Union Solidarity and Development Party,5f3f9035c749de0ddc9de04c,39.002966534%
Tanintharyi Constituency 5,တနင်္သာရီတိုင်းဒေသကြီး မဲဆန္ဒနယ် ၅,National Unity Party,5f3f9035c749de0ddc9de02e,35.855659590%
Tanintharyi Constituency 5,တနင်္သာရီတိုင်းဒေသကြီး မဲဆန္ဒနယ် ၅,Democratic Party (Myanmar),5f3f9035c749de0ddc9de032,25.141373876%
Tanintharyi Constituency 6,တနင်္သာရီတိုင်းဒေသကြီး မဲဆန္ဒနယ် ၆,Union Solidarity and Development Party,5f3f9035c749de0ddc9de04c,71.664333843%
Tanintharyi Constituency 6,တနင်္သာရီတိုင်းဒေသကြီး မဲဆန္ဒနယ် ၆,National Unity Party,5f3f9035c749de0ddc9de02e,28.335666157%
Tanintharyi Constituency 7,တနင်္သာရီတိုင်းဒေသကြီး မဲဆန္ဒနယ် ၇,Union Solidarity and Development Party,5f3f9035c749de0ddc9de04c,57.586549940%
Tanintharyi Constituency 7,တနင်္သာရီတိုင်းဒေသကြီး မဲဆန္ဒနယ် ၇,National Unity Party,5f3f9035c749de0ddc9de02e,42.413450060%
Tanintharyi Constituency 8,တနင်္သာရီတိုင်းဒေသကြီး မဲဆန္ဒနယ် ၈,Union Solidarity and Development Party,5f3f9035c749de0ddc9de04c,
Tanintharyi Constituency 9,တနင်္သာရီတိုင်းဒေသကြီး မဲဆန္ဒနယ် ၉,Union Solidarity and Development Party,5f3f9035c749de0ddc9de04c,81.918189179%
Tanintharyi Constituency 9,တနင်္သာရီတိုင်းဒေသကြီး မဲဆန္ဒနယ် ၉,National Unity Party,5f3f9035c749de0ddc9de02e,18.081810821%
Tanintharyi Constituency 10,တနင်္သာရီတိုင်းဒေသကြီး မဲဆန္ဒနယ် ၁၀,Union Solidarity and Development Party,5f3f9035c749de0ddc9de04c,
Tanintharyi Constituency 11,တနင်္သာရီတိုင်းဒေသကြီး မဲဆန္ဒနယ် ၁၁,Union Solidarity and Development Party,5f3f9035c749de0ddc9de04c,65.698946561%
Tanintharyi Constituency 11,တနင်္သာရီတိုင်းဒေသကြီး မဲဆန္ဒနယ် ၁၁,National Unity Party,5f3f9035c749de0ddc9de02e,34.301053439%
Tanintharyi Constituency 12,တနင်္သာရီတိုင်းဒေသကြီး မဲဆန္ဒနယ် ၁၂,Union Solidarity and Development Party,5f3f9035c749de0ddc9de04c,67.332568661%
Tanintharyi Constituency 12,တနင်္သာရီတိုင်းဒေသကြီး မဲဆန္ဒနယ် ၁၂,National Unity Party,5f3f9035c749de0ddc9de02e,32.667431339%
Yangon Constituency 1,ရန်ကုန်တိုင်းဒေသကြီး မဲဆန္ဒနယ် ၁,Union Solidarity and Development Party,5f3f9035c749de0ddc9de04c,39.427730324%
Yangon Constituency 1,ရန်ကုန်တိုင်းဒေသကြီး မဲဆန္ဒနယ် ၁,Peace for Diversity Party,5f3f9035c749de0ddc9de045,2.129098924%
Yangon Constituency 1,ရန်ကုန်တိုင်းဒေသကြီး မဲဆန္ဒနယ် ၁,National Unity Party,5f3f9035c749de0ddc9de02e,11.301917230%
Yangon Constituency 1,ရန်ကုန်တိုင်းဒေသကြီး မဲဆန္ဒနယ် ၁,National Democratic Force,5f3f9035c749de0ddc9de052,42.577518083%
Yangon Constituency 1,ရန်ကုန်တိုင်းဒေသကြီး မဲဆန္ဒနယ် ၁,,,4.563735439%
Yangon Constituency 2,ရန်ကုန်တိုင်းဒေသကြီး မဲဆန္ဒနယ် ၂,Union Solidarity and Development Party,5f3f9035c749de0ddc9de04c,44.072299856%
Yangon Constituency 2,ရန်ကုန်တိုင်းဒေသကြီး မဲဆန္ဒနယ် ၂,National Unity Party,5f3f9035c749de0ddc9de02e,13.475540859%
Yangon Constituency 2,ရန်ကုန်တိုင်းဒေသကြီး မဲဆန္ဒနယ် ၂,National Democratic Force,5f3f9035c749de0ddc9de052,32.609660918%
Yangon Constituency 2,ရန်ကုန်တိုင်းဒေသကြီး မဲဆန္ဒနယ် ၂,88 Generation Student Youths (Union of Myanmar),5f3f9035c749de0ddc9de03d,9.842498367%
Yangon Constituency 3,ရန်ကုန်တိုင်းဒေသကြီး မဲဆန္ဒနယ် ၃,Union Solidarity and Development Party,5f3f9035c749de0ddc9de04c,41.590564626%
Yangon Constituency 3,ရန်ကုန်တိုင်းဒေသကြီး မဲဆန္ဒနယ် ၃,National Unity Party,5f3f9035c749de0ddc9de02e,8.588339121%
Yangon Constituency 3,ရန်ကုန်တိုင်းဒေသကြီး မဲဆန္ဒနယ် ၃,National Democratic Force,5f3f9035c749de0ddc9de052,44.288509871%
Yangon Constituency 3,ရန်ကုန်တိုင်းဒေသကြီး မဲဆန္ဒနယ် ၃,Democratic Party (Myanmar),5f3f9035c749de0ddc9de032,5.532586382%
Yangon Constituency 4,ရန်ကုန်တိုင်းဒေသကြီး မဲဆန္ဒနယ် ၄,Union Solidarity and Development Party,5f3f9035c749de0ddc9de04c,37.488212602%
Yangon Constituency 4,ရန်ကုန်တိုင်းဒေသကြီး မဲဆန္ဒနယ် ၄,National Unity Party,5f3f9035c749de0ddc9de02e,9.689003191%
Yangon Constituency 4,ရန်ကုန်တိုင်းဒေသကြီး မဲဆန္ဒနယ် ၄,National Democratic Force,5f3f9035c749de0ddc9de052,39.795208839%
Yangon Constituency 4,ရန်ကုန်တိုင်းဒေသကြီး မဲဆန္ဒနယ် ၄,Democratic Party (Myanmar),5f3f9035c749de0ddc9de032,13.027575368%
Yangon Constituency 5,ရန်ကုန်တိုင်းဒေသကြီး မဲဆန္ဒနယ် ၅,Union Solidarity and Development Party,5f3f9035c749de0ddc9de04c,41.026488243%
Yangon Constituency 5,ရန်ကုန်တိုင်းဒေသကြီး မဲဆန္ဒနယ် ၅,National Unity Party,5f3f9035c749de0ddc9de02e,11.869396092%
Yangon Constituency 5,ရန်ကုန်တိုင်းဒေသကြီး မဲဆန္ဒနယ် ၅,National Democratic Force,5f3f9035c749de0ddc9de052,34.747107620%
Yangon Constituency 5,ရန်ကုန်တိုင်းဒေသကြီး မဲဆန္ဒနယ် ၅,88 Generation Student Youths (Union of Myanmar),5f3f9035c749de0ddc9de03d,12.357008045%
Yangon Constituency 6,ရန်ကုန်တိုင်းဒေသကြီး မဲဆန္ဒနယ် ၆,Union Solidarity and Development Party,5f3f9035c749de0ddc9de04c,36.801117897%
Yangon Constituency 6,ရန်ကုန်တိုင်းဒေသကြီး မဲဆန္ဒနယ် ၆,National Unity Party,5f3f9035c749de0ddc9de02e,9.466015607%
Yangon Constituency 6,ရန်ကုန်တိုင်းဒေသကြီး မဲဆန္ဒနယ် ၆,National Democratic Force,5f3f9035c749de0ddc9de052,40.581871850%
Yangon Constituency 6,ရန်ကုန်တိုင်းဒေသကြီး မဲဆန္ဒနယ် ၆,88 Generation Student Youths (Union of Myanmar),5f3f9035c749de0ddc9de03d,9.323661637%
Yangon Constituency 6,ရန်ကုန်တိုင်းဒေသကြီး မဲဆန္ဒနယ် ၆,,,3.827333009%
Yangon Constituency 7,ရန်ကုန်တိုင်းဒေသကြီး မဲဆန္ဒနယ် ၇,Union Solidarity and Development Party,5f3f9035c749de0ddc9de04c,63.766765461%
Yangon Constituency 7,ရန်ကုန်တိုင်းဒေသကြီး မဲဆန္ဒနယ် ၇,National Unity Party,5f3f9035c749de0ddc9de02e,19.645422901%
Yangon Constituency 7,ရန်ကုန်တိုင်းဒေသကြီး မဲဆန္ဒနယ် ၇,National Democratic Force,5f3f9035c749de0ddc9de052,16.587811638%
Yangon Constituency 8,ရန်ကုန်တိုင်းဒေသကြီး မဲဆန္ဒနယ် ၈,Union Solidarity and Development Party,5f3f9035c749de0ddc9de04c,52.532578077%
Yangon Constituency 8,ရန်ကုန်တိုင်းဒေသကြီး မဲဆန္ဒနယ် ၈,National Unity Party,5f3f9035c749de0ddc9de02e,14.759949005%
Yangon Constituency 8,ရန်ကုန်တိုင်းဒေသကြီး မဲဆန္ဒနယ် ၈,National Democratic Force,5f3f9035c749de0ddc9de052,32.707472918%
Yangon Constituency 9,ရန်ကုန်တိုင်းဒေသကြီး မဲဆန္ဒနယ် ၉,Union Solidarity and Development Party,5f3f9035c749de0ddc9de04c,73.758575316%
Yangon Constituency 9,ရန်ကုန်တိုင်းဒေသကြီး မဲဆန္ဒနယ် ၉,National Unity Party,5f3f9035c749de0ddc9de02e,16.535295596%
Yangon Constituency 9,ရန်ကုန်တိုင်းဒေသကြီး မဲဆန္ဒနယ် ၉,Modern People Party,5f3f9035c749de0ddc9de043,3.122245359%
Yangon Constituency 9,ရန်ကုန်တိုင်းဒေသကြီး မဲဆန္ဒနယ် ၉,Kayin People's Party,5f3f9035c749de0ddc9de035,6.583883729%
Yangon Constituency 10,ရန်ကုန်တိုင်းဒေသကြီး မဲဆန္ဒနယ် ၁၀,Union Solidarity and Development Party,5f3f9035c749de0ddc9de04c,49.953121588%
Yangon Constituency 10,ရန်ကုန်တိုင်းဒေသကြီး မဲဆန္ဒနယ် ၁၀,Peace for Diversity Party,5f3f9035c749de0ddc9de045,3.652663079%
Yangon Constituency 10,ရန်ကုန်တိုင်းဒေသကြီး မဲဆန္ဒနယ် ၁၀,National Unity Party,5f3f9035c749de0ddc9de02e,22.220367064%
Yangon Constituency 10,ရန်ကုန်တိုင်းဒေသကြီး မဲဆန္ဒနယ် ၁၀,National Political Alliance League,5f3f9035c749de0ddc9de03f,7.469721684%
Yangon Constituency 10,ရန်ကုန်တိုင်းဒေသကြီး မဲဆန္ဒနယ် ၁၀,Democratic Party (Myanmar),5f3f9035c749de0ddc9de032,16.704126585%
Yangon Constituency 11,ရန်ကုန်တိုင်းဒေသကြီး မဲဆန္ဒနယ် ၁၁,Union Solidarity and Development Party,5f3f9035c749de0ddc9de04c,43.506356342%
Yangon Constituency 11,ရန်ကုန်တိုင်းဒေသကြီး မဲဆန္ဒနယ် ၁၁,National Unity Party,5f3f9035c749de0ddc9de02e,17.858152273%
Yangon Constituency 11,ရန်ကုန်တိုင်းဒေသကြီး မဲဆန္ဒနယ် ၁၁,National Democratic Force,5f3f9035c749de0ddc9de052,18.178275085%
Yangon Constituency 11,ရန်ကုန်တိုင်းဒေသကြီး မဲဆန္ဒနယ် ၁၁,88 Generation Student Youths (Union of Myanmar),5f3f9035c749de0ddc9de03d,20.457216300%
Yangon Constituency 12,ရန်ကုန်တိုင်းဒေသကြီး မဲဆန္ဒနယ် ၁၂,Union Solidarity and Development Party,5f3f9035c749de0ddc9de04c,64.711464416%
Yangon Constituency 12,ရန်ကုန်တိုင်းဒေသကြီး မဲဆန္ဒနယ် ၁၂,National Unity Party,5f3f9035c749de0ddc9de02e,21.769777891%
Yangon Constituency 12,ရန်ကုန်တိုင်းဒေသကြီး မဲဆန္ဒနယ် ၁၂,National Democratic Force,5f3f9035c749de0ddc9de052,13.518757693%
